,Count,placeID,ave_rating,latitude,longitude,Service
0,56,135032,1.3,22.152480999999998,-100.973486,Cafeteria
1,56,135032,1.3,22.152480999999998,-100.973486,Contemporary
2,56,135032,1.3,22.152480999999998,-100.973486,Cafeteria
3,56,135032,1.3,22.152480999999998,-100.973486,Contemporary
4,56,135032,0.0,22.152480999999998,-100.973486,Cafeteria
5,56,135032,0.0,22.152480999999998,-100.973486,Contemporary
6,56,135032,2.7,22.152480999999998,-100.973486,Cafeteria
7,56,135032,2.7,22.152480999999998,-100.973486,Contemporary
8,56,135032,0.0,22.152480999999998,-100.973486,Cafeteria
9,56,135032,0.0,22.152480999999998,-100.973486,Contemporary
10,56,135032,0.3,22.152480999999998,-100.973486,Cafeteria
11,56,135032,0.3,22.152480999999998,-100.973486,Contemporary
12,56,135032,0.7,22.152480999999998,-100.973486,Cafeteria
13,56,135032,0.7,22.152480999999998,-100.973486,Contemporary
14,56,135032,0.3,22.152480999999998,-100.973486,Cafeteria
15,56,135032,0.3,22.152480999999998,-100.973486,Contemporary
16,56,135032,0.7,22.152480999999998,-100.973486,Cafeteria
17,56,135032,0.7,22.152480999999998,-100.973486,Contemporary
18,56,135032,0.3,22.152480999999998,-100.973486,Cafeteria
19,56,135032,0.3,22.152480999999998,-100.973486,Contemporary
20,56,135032,2.7,22.152480999999998,-100.973486,Cafeteria
21,56,135032,2.7,22.152480999999998,-100.973486,Contemporary
22,56,135032,0.0,22.152480999999998,-100.973486,Cafeteria
23,56,135032,0.0,22.152480999999998,-100.973486,Contemporary
24,56,135032,1.3,22.152480999999998,-100.973486,Cafeteria
25,56,135032,1.3,22.152480999999998,-100.973486,Contemporary
26,56,135032,0.3,22.152480999999998,-100.973486,Cafeteria
27,56,135032,0.3,22.152480999999998,-100.973486,Contemporary
28,56,135032,2.7,22.152480999999998,-100.973486,Cafeteria
29,56,135032,2.7,22.152480999999998,-100.973486,Contemporary
30,56,135032,2.7,22.152480999999998,-100.973486,Cafeteria
31,56,135032,2.7,22.152480999999998,-100.973486,Contemporary
32,56,135032,0.0,22.152480999999998,-100.973486,Cafeteria
33,56,135032,0.0,22.152480999999998,-100.973486,Contemporary
34,56,135032,0.7,22.152480999999998,-100.973486,Cafeteria
35,56,135032,0.7,22.152480999999998,-100.973486,Contemporary
36,56,135032,0.0,22.152480999999998,-100.973486,Cafeteria
37,56,135032,0.0,22.152480999999998,-100.973486,Contemporary
38,56,135032,2.7,22.152480999999998,-100.973486,Cafeteria
39,56,135032,2.7,22.152480999999998,-100.973486,Contemporary
40,56,135032,0.0,22.152480999999998,-100.973486,Cafeteria
41,56,135032,0.0,22.152480999999998,-100.973486,Contemporary
42,56,135032,0.3,22.152480999999998,-100.973486,Cafeteria
43,56,135032,0.3,22.152480999999998,-100.973486,Contemporary
44,56,135032,1.3,22.152480999999998,-100.973486,Cafeteria
45,56,135032,1.3,22.152480999999998,-100.973486,Contemporary
46,56,135032,0.0,22.152480999999998,-100.973486,Cafeteria
47,56,135032,0.0,22.152480999999998,-100.973486,Contemporary
48,56,135032,0.0,22.152480999999998,-100.973486,Cafeteria
49,56,135032,0.0,22.152480999999998,-100.973486,Contemporary
50,56,135032,2.7,22.152480999999998,-100.973486,Cafeteria
51,56,135032,2.7,22.152480999999998,-100.973486,Contemporary
52,56,135032,0.7,22.152480999999998,-100.973486,Cafeteria
53,56,135032,0.7,22.152480999999998,-100.973486,Contemporary
54,56,135032,0.0,22.152480999999998,-100.973486,Cafeteria
55,56,135032,0.0,22.152480999999998,-100.973486,Contemporary
56,50,135052,0.0,22.150980999999998,-100.977412,Bar
57,50,135052,0.0,22.150980999999998,-100.977412,Bar_Pub_Brewery
58,50,135052,0.0,22.150980999999998,-100.977412,Bar
59,50,135052,0.0,22.150980999999998,-100.977412,Bar_Pub_Brewery
60,50,135052,2.7,22.150980999999998,-100.977412,Bar
61,50,135052,2.7,22.150980999999998,-100.977412,Bar_Pub_Brewery
62,50,135052,0.7,22.150980999999998,-100.977412,Bar
63,50,135052,0.7,22.150980999999998,-100.977412,Bar_Pub_Brewery
64,50,135052,2.7,22.150980999999998,-100.977412,Bar
65,50,135052,2.7,22.150980999999998,-100.977412,Bar_Pub_Brewery
66,50,135052,2.7,22.150980999999998,-100.977412,Bar
67,50,135052,2.7,22.150980999999998,-100.977412,Bar_Pub_Brewery
68,50,135052,0.0,22.150980999999998,-100.977412,Bar
69,50,135052,0.0,22.150980999999998,-100.977412,Bar_Pub_Brewery
70,50,135052,2.7,22.150980999999998,-100.977412,Bar
71,50,135052,2.7,22.150980999999998,-100.977412,Bar_Pub_Brewery
72,50,135052,2.7,22.150980999999998,-100.977412,Bar
73,50,135052,2.7,22.150980999999998,-100.977412,Bar_Pub_Brewery
74,50,135052,2.7,22.150980999999998,-100.977412,Bar
75,50,135052,2.7,22.150980999999998,-100.977412,Bar_Pub_Brewery
76,50,135052,0.0,22.150980999999998,-100.977412,Bar
77,50,135052,0.0,22.150980999999998,-100.977412,Bar_Pub_Brewery
78,50,135052,0.3,22.150980999999998,-100.977412,Bar
79,50,135052,0.3,22.150980999999998,-100.977412,Bar_Pub_Brewery
80,50,135052,1.3,22.150980999999998,-100.977412,Bar
81,50,135052,1.3,22.150980999999998,-100.977412,Bar_Pub_Brewery
82,50,135052,0.0,22.150980999999998,-100.977412,Bar
83,50,135052,0.0,22.150980999999998,-100.977412,Bar_Pub_Brewery
84,50,135052,2.7,22.150980999999998,-100.977412,Bar
85,50,135052,2.7,22.150980999999998,-100.977412,Bar_Pub_Brewery
86,50,135052,1.3,22.150980999999998,-100.977412,Bar
87,50,135052,1.3,22.150980999999998,-100.977412,Bar_Pub_Brewery
88,50,135052,0.7,22.150980999999998,-100.977412,Bar
89,50,135052,0.7,22.150980999999998,-100.977412,Bar_Pub_Brewery
90,50,135052,0.0,22.150980999999998,-100.977412,Bar
91,50,135052,0.0,22.150980999999998,-100.977412,Bar_Pub_Brewery
92,50,135052,0.0,22.150980999999998,-100.977412,Bar
93,50,135052,0.0,22.150980999999998,-100.977412,Bar_Pub_Brewery
94,50,135052,2.7,22.150980999999998,-100.977412,Bar
95,50,135052,2.7,22.150980999999998,-100.977412,Bar_Pub_Brewery
96,50,135052,0.3,22.150980999999998,-100.977412,Bar
97,50,135052,0.3,22.150980999999998,-100.977412,Bar_Pub_Brewery
98,50,135052,2.7,22.150980999999998,-100.977412,Bar
99,50,135052,2.7,22.150980999999998,-100.977412,Bar_Pub_Brewery
100,50,135052,0.0,22.150980999999998,-100.977412,Bar
101,50,135052,0.0,22.150980999999998,-100.977412,Bar_Pub_Brewery
102,50,135052,0.0,22.150980999999998,-100.977412,Bar
103,50,135052,0.0,22.150980999999998,-100.977412,Bar_Pub_Brewery
104,50,135052,0.3,22.150980999999998,-100.977412,Bar
105,50,135052,0.3,22.150980999999998,-100.977412,Bar_Pub_Brewery
106,36,135085,2.7,22.150802,-100.98268,Fast_Food
107,36,135085,0.7,22.150802,-100.98268,Fast_Food
108,36,135085,0.7,22.150802,-100.98268,Fast_Food
109,36,135085,2.7,22.150802,-100.98268,Fast_Food
110,36,135085,1.3,22.150802,-100.98268,Fast_Food
111,36,135085,2.7,22.150802,-100.98268,Fast_Food
112,36,135085,2.7,22.150802,-100.98268,Fast_Food
113,36,135085,0.0,22.150802,-100.98268,Fast_Food
114,36,135085,2.7,22.150802,-100.98268,Fast_Food
115,36,135085,2.7,22.150802,-100.98268,Fast_Food
116,36,135085,0.7,22.150802,-100.98268,Fast_Food
117,36,135085,1.3,22.150802,-100.98268,Fast_Food
118,36,135085,2.7,22.150802,-100.98268,Fast_Food
119,36,135085,2.7,22.150802,-100.98268,Fast_Food
120,36,135085,0.0,22.150802,-100.98268,Fast_Food
121,36,135085,0.0,22.150802,-100.98268,Fast_Food
122,36,135085,0.0,22.150802,-100.98268,Fast_Food
123,36,135085,0.0,22.150802,-100.98268,Fast_Food
124,36,135085,0.0,22.150802,-100.98268,Fast_Food
125,36,135085,0.3,22.150802,-100.98268,Fast_Food
126,36,135085,0.0,22.150802,-100.98268,Fast_Food
127,36,135085,0.0,22.150802,-100.98268,Fast_Food
128,36,135085,2.7,22.150802,-100.98268,Fast_Food
129,36,135085,1.3,22.150802,-100.98268,Fast_Food
130,36,135085,0.7,22.150802,-100.98268,Fast_Food
131,36,135085,2.7,22.150802,-100.98268,Fast_Food
132,36,135085,0.3,22.150802,-100.98268,Fast_Food
133,36,135085,0.3,22.150802,-100.98268,Fast_Food
134,36,135085,0.3,22.150802,-100.98268,Fast_Food
135,36,135085,0.7,22.150802,-100.98268,Fast_Food
136,36,135085,1.3,22.150802,-100.98268,Fast_Food
137,36,135085,0.7,22.150802,-100.98268,Fast_Food
138,36,135085,2.7,22.150802,-100.98268,Fast_Food
139,36,135085,2.7,22.150802,-100.98268,Fast_Food
140,36,135085,0.0,22.150802,-100.98268,Fast_Food
141,36,135085,0.3,22.150802,-100.98268,Fast_Food
142,34,135041,2.7,22.15106,-100.977659,Bar
143,34,135041,2.7,22.15106,-100.977659,Cafeteria
144,34,135041,0.3,22.15106,-100.977659,Bar
145,34,135041,0.3,22.15106,-100.977659,Cafeteria
146,34,135041,0.7,22.15106,-100.977659,Bar
147,34,135041,0.7,22.15106,-100.977659,Cafeteria
148,34,135041,0.0,22.15106,-100.977659,Bar
149,34,135041,0.0,22.15106,-100.977659,Cafeteria
150,34,135041,0.3,22.15106,-100.977659,Bar
151,34,135041,0.3,22.15106,-100.977659,Cafeteria
152,34,135041,0.3,22.15106,-100.977659,Bar
153,34,135041,0.3,22.15106,-100.977659,Cafeteria
154,34,135041,0.0,22.15106,-100.977659,Bar
155,34,135041,0.0,22.15106,-100.977659,Cafeteria
156,34,135041,0.7,22.15106,-100.977659,Bar
157,34,135041,0.7,22.15106,-100.977659,Cafeteria
158,34,135041,0.7,22.15106,-100.977659,Bar
159,34,135041,0.7,22.15106,-100.977659,Cafeteria
160,34,135041,2.7,22.15106,-100.977659,Bar
161,34,135041,2.7,22.15106,-100.977659,Cafeteria
162,34,135041,0.0,22.15106,-100.977659,Bar
163,34,135041,0.0,22.15106,-100.977659,Cafeteria
164,34,135041,0.0,22.15106,-100.977659,Bar
165,34,135041,0.0,22.15106,-100.977659,Cafeteria
166,34,135041,1.3,22.15106,-100.977659,Bar
167,34,135041,1.3,22.15106,-100.977659,Cafeteria
168,34,135041,0.0,22.15106,-100.977659,Bar
169,34,135041,0.0,22.15106,-100.977659,Cafeteria
170,34,135041,2.7,22.15106,-100.977659,Bar
171,34,135041,2.7,22.15106,-100.977659,Cafeteria
172,34,135041,2.7,22.15106,-100.977659,Bar
173,34,135041,2.7,22.15106,-100.977659,Cafeteria
174,34,135041,0.0,22.15106,-100.977659,Bar
175,34,135041,0.0,22.15106,-100.977659,Cafeteria
176,32,132825,2.7,22.1473922,-100.983092,Mexican
177,32,132825,2.7,22.1473922,-100.983092,Mexican
178,32,132825,0.0,22.1473922,-100.983092,Mexican
179,32,132825,0.0,22.1473922,-100.983092,Mexican
180,32,132825,1.3,22.1473922,-100.983092,Mexican
181,32,132825,2.7,22.1473922,-100.983092,Mexican
182,32,132825,0.7,22.1473922,-100.983092,Mexican
183,32,132825,2.7,22.1473922,-100.983092,Mexican
184,32,132825,0.0,22.1473922,-100.983092,Mexican
185,32,132825,2.7,22.1473922,-100.983092,Mexican
186,32,132825,2.7,22.1473922,-100.983092,Mexican
187,32,132825,2.7,22.1473922,-100.983092,Mexican
188,32,132825,0.0,22.1473922,-100.983092,Mexican
189,32,132825,0.7,22.1473922,-100.983092,Mexican
190,32,132825,0.7,22.1473922,-100.983092,Mexican
191,32,132825,0.0,22.1473922,-100.983092,Mexican
192,32,132825,0.0,22.1473922,-100.983092,Mexican
193,32,132825,0.0,22.1473922,-100.983092,Mexican
194,32,132825,2.7,22.1473922,-100.983092,Mexican
195,32,132825,2.7,22.1473922,-100.983092,Mexican
196,32,132825,0.3,22.1473922,-100.983092,Mexican
197,32,132825,1.3,22.1473922,-100.983092,Mexican
198,32,132825,0.0,22.1473922,-100.983092,Mexican
199,32,132825,0.0,22.1473922,-100.983092,Mexican
200,32,132825,1.3,22.1473922,-100.983092,Mexican
201,32,132825,0.0,22.1473922,-100.983092,Mexican
202,32,132825,0.7,22.1473922,-100.983092,Mexican
203,32,132825,0.0,22.1473922,-100.983092,Mexican
204,32,132825,0.0,22.1473922,-100.983092,Mexican
205,32,132825,0.7,22.1473922,-100.983092,Mexican
206,32,132825,0.3,22.1473922,-100.983092,Mexican
207,32,132825,0.0,22.1473922,-100.983092,Mexican
208,25,132834,2.7,22.156469,-100.98554,Mexican
209,25,132834,0.7,22.156469,-100.98554,Mexican
210,25,132834,0.3,22.156469,-100.98554,Mexican
211,25,132834,1.3,22.156469,-100.98554,Mexican
212,25,132834,0.3,22.156469,-100.98554,Mexican
213,25,132834,0.7,22.156469,-100.98554,Mexican
214,25,132834,0.7,22.156469,-100.98554,Mexican
215,25,132834,0.3,22.156469,-100.98554,Mexican
216,25,132834,1.3,22.156469,-100.98554,Mexican
217,25,132834,2.7,22.156469,-100.98554,Mexican
218,25,132834,2.7,22.156469,-100.98554,Mexican
219,25,132834,0.0,22.156469,-100.98554,Mexican
220,25,132834,0.0,22.156469,-100.98554,Mexican
221,25,132834,0.0,22.156469,-100.98554,Mexican
222,25,132834,0.0,22.156469,-100.98554,Mexican
223,25,132834,0.7,22.156469,-100.98554,Mexican
224,25,132834,0.3,22.156469,-100.98554,Mexican
225,25,132834,0.0,22.156469,-100.98554,Mexican
226,25,132834,0.0,22.156469,-100.98554,Mexican
227,25,132834,2.7,22.156469,-100.98554,Mexican
228,25,132834,0.0,22.156469,-100.98554,Mexican
229,25,132834,0.7,22.156469,-100.98554,Mexican
230,25,132834,0.0,22.156469,-100.98554,Mexican
231,25,132834,0.0,22.156469,-100.98554,Mexican
232,25,132834,0.0,22.156469,-100.98554,Mexican
233,24,135053,0.0,22.178931,-101.012861,Cafeteria
234,24,135053,0.0,22.178931,-101.012861,Fast_Food
235,24,135053,0.0,22.178931,-101.012861,Pizzeria
236,24,135053,0.0,22.178931,-101.012861,Cafeteria
237,24,135053,0.0,22.178931,-101.012861,Fast_Food
238,24,135053,0.0,22.178931,-101.012861,Pizzeria
239,24,135053,0.0,22.178931,-101.012861,Cafeteria
240,24,135053,0.0,22.178931,-101.012861,Fast_Food
241,24,135053,0.0,22.178931,-101.012861,Pizzeria
242,24,135053,2.7,22.178931,-101.012861,Cafeteria
243,24,135053,2.7,22.178931,-101.012861,Fast_Food
244,24,135053,2.7,22.178931,-101.012861,Pizzeria
245,24,135053,0.0,22.178931,-101.012861,Cafeteria
246,24,135053,0.0,22.178931,-101.012861,Fast_Food
247,24,135053,0.0,22.178931,-101.012861,Pizzeria
248,24,135053,0.7,22.178931,-101.012861,Cafeteria
249,24,135053,0.7,22.178931,-101.012861,Fast_Food
250,24,135053,0.7,22.178931,-101.012861,Pizzeria
251,24,135053,2.7,22.178931,-101.012861,Cafeteria
252,24,135053,2.7,22.178931,-101.012861,Fast_Food
253,24,135053,2.7,22.178931,-101.012861,Pizzeria
254,24,135053,0.3,22.178931,-101.012861,Cafeteria
255,24,135053,0.3,22.178931,-101.012861,Fast_Food
256,24,135053,0.3,22.178931,-101.012861,Pizzeria
257,24,135030,0.3,22.147879999999997,-100.98947199999999,Cafe-Coffee_Shop
258,24,135030,0.3,22.147879999999997,-100.98947199999999,Cafeteria
259,24,135030,1.3,22.147879999999997,-100.98947199999999,Cafe-Coffee_Shop
260,24,135030,1.3,22.147879999999997,-100.98947199999999,Cafeteria
261,24,135030,0.3,22.147879999999997,-100.98947199999999,Cafe-Coffee_Shop
262,24,135030,0.3,22.147879999999997,-100.98947199999999,Cafeteria
263,24,135030,2.7,22.147879999999997,-100.98947199999999,Cafe-Coffee_Shop
264,24,135030,2.7,22.147879999999997,-100.98947199999999,Cafeteria
265,24,135030,2.7,22.147879999999997,-100.98947199999999,Cafe-Coffee_Shop
266,24,135030,2.7,22.147879999999997,-100.98947199999999,Cafeteria
267,24,135030,0.7,22.147879999999997,-100.98947199999999,Cafe-Coffee_Shop
268,24,135030,0.7,22.147879999999997,-100.98947199999999,Cafeteria
269,24,135030,1.3,22.147879999999997,-100.98947199999999,Cafe-Coffee_Shop
270,24,135030,1.3,22.147879999999997,-100.98947199999999,Cafeteria
271,24,135030,0.7,22.147879999999997,-100.98947199999999,Cafe-Coffee_Shop
272,24,135030,0.7,22.147879999999997,-100.98947199999999,Cafeteria
273,24,135030,0.7,22.147879999999997,-100.98947199999999,Cafe-Coffee_Shop
274,24,135030,0.7,22.147879999999997,-100.98947199999999,Cafeteria
275,24,135030,0.0,22.147879999999997,-100.98947199999999,Cafe-Coffee_Shop
276,24,135030,0.0,22.147879999999997,-100.98947199999999,Cafeteria
277,24,135030,2.7,22.147879999999997,-100.98947199999999,Cafe-Coffee_Shop
278,24,135030,2.7,22.147879999999997,-100.98947199999999,Cafeteria
279,24,135030,0.7,22.147879999999997,-100.98947199999999,Cafe-Coffee_Shop
280,24,135030,0.7,22.147879999999997,-100.98947199999999,Cafeteria
281,22,135026,0.0,22.148665,-101.001273,Bar
282,22,135026,0.0,22.148665,-101.001273,Bar_Pub_Brewery
283,22,135026,0.3,22.148665,-101.001273,Bar
284,22,135026,0.3,22.148665,-101.001273,Bar_Pub_Brewery
285,22,135026,2.7,22.148665,-101.001273,Bar
286,22,135026,2.7,22.148665,-101.001273,Bar_Pub_Brewery
287,22,135026,2.7,22.148665,-101.001273,Bar
288,22,135026,2.7,22.148665,-101.001273,Bar_Pub_Brewery
289,22,135026,0.0,22.148665,-101.001273,Bar
290,22,135026,0.0,22.148665,-101.001273,Bar_Pub_Brewery
291,22,135026,0.3,22.148665,-101.001273,Bar
292,22,135026,0.3,22.148665,-101.001273,Bar_Pub_Brewery
293,22,135026,2.7,22.148665,-101.001273,Bar
294,22,135026,2.7,22.148665,-101.001273,Bar_Pub_Brewery
295,22,135026,0.3,22.148665,-101.001273,Bar
296,22,135026,0.3,22.148665,-101.001273,Bar_Pub_Brewery
297,22,135026,0.0,22.148665,-101.001273,Bar
298,22,135026,0.0,22.148665,-101.001273,Bar_Pub_Brewery
299,22,135026,2.7,22.148665,-101.001273,Bar
300,22,135026,2.7,22.148665,-101.001273,Bar_Pub_Brewery
301,22,135026,2.7,22.148665,-101.001273,Bar
302,22,135026,2.7,22.148665,-101.001273,Bar_Pub_Brewery
303,22,135060,1.3,22.156882999999997,-100.97848499999999,Seafood
304,22,135060,1.3,22.156882999999997,-100.97848499999999,Seafood
305,22,135060,0.0,22.156882999999997,-100.97848499999999,Seafood
306,22,135060,0.0,22.156882999999997,-100.97848499999999,Seafood
307,22,135060,0.7,22.156882999999997,-100.97848499999999,Seafood
308,22,135060,0.0,22.156882999999997,-100.97848499999999,Seafood
309,22,135060,0.0,22.156882999999997,-100.97848499999999,Seafood
310,22,135060,0.3,22.156882999999997,-100.97848499999999,Seafood
311,22,135060,1.3,22.156882999999997,-100.97848499999999,Seafood
312,22,135060,2.7,22.156882999999997,-100.97848499999999,Seafood
313,22,135060,0.3,22.156882999999997,-100.97848499999999,Seafood
314,22,135060,2.7,22.156882999999997,-100.97848499999999,Seafood
315,22,135060,2.7,22.156882999999997,-100.97848499999999,Seafood
316,22,135060,2.7,22.156882999999997,-100.97848499999999,Seafood
317,22,135060,0.3,22.156882999999997,-100.97848499999999,Seafood
318,22,135060,0.0,22.156882999999997,-100.97848499999999,Seafood
319,22,135060,2.7,22.156882999999997,-100.97848499999999,Seafood
320,22,135060,1.3,22.156882999999997,-100.97848499999999,Seafood
321,22,135060,0.3,22.156882999999997,-100.97848499999999,Seafood
322,22,135060,0.0,22.156882999999997,-100.97848499999999,Seafood
323,22,135060,0.0,22.156882999999997,-100.97848499999999,Seafood
324,22,135060,0.0,22.156882999999997,-100.97848499999999,Seafood
325,20,135086,0.0,22.141420999999998,-101.01395500000001,Burgers
326,20,135086,0.0,22.141420999999998,-101.01395500000001,Fast_Food
327,20,135086,0.3,22.141420999999998,-101.01395500000001,Burgers
328,20,135086,0.3,22.141420999999998,-101.01395500000001,Fast_Food
329,20,135086,0.7,22.141420999999998,-101.01395500000001,Burgers
330,20,135086,0.7,22.141420999999998,-101.01395500000001,Fast_Food
331,20,135086,0.0,22.141420999999998,-101.01395500000001,Burgers
332,20,135086,0.0,22.141420999999998,-101.01395500000001,Fast_Food
333,20,135086,0.3,22.141420999999998,-101.01395500000001,Burgers
334,20,135086,0.3,22.141420999999998,-101.01395500000001,Fast_Food
335,20,135086,0.0,22.141420999999998,-101.01395500000001,Burgers
336,20,135086,0.0,22.141420999999998,-101.01395500000001,Fast_Food
337,20,135086,0.7,22.141420999999998,-101.01395500000001,Burgers
338,20,135086,0.7,22.141420999999998,-101.01395500000001,Fast_Food
339,20,135086,0.0,22.141420999999998,-101.01395500000001,Burgers
340,20,135086,0.0,22.141420999999998,-101.01395500000001,Fast_Food
341,20,135086,0.0,22.141420999999998,-101.01395500000001,Burgers
342,20,135086,0.0,22.141420999999998,-101.01395500000001,Fast_Food
343,20,135086,0.0,22.141420999999998,-101.01395500000001,Burgers
344,20,135086,0.0,22.141420999999998,-101.01395500000001,Fast_Food
345,20,135042,1.3,22.159357,-100.973411,Chinese
346,20,135042,0.7,22.159357,-100.973411,Chinese
347,20,135042,0.0,22.159357,-100.973411,Chinese
348,20,135042,0.3,22.159357,-100.973411,Chinese
349,20,135042,2.7,22.159357,-100.973411,Chinese
350,20,135042,0.7,22.159357,-100.973411,Chinese
351,20,135042,1.3,22.159357,-100.973411,Chinese
352,20,135042,2.7,22.159357,-100.973411,Chinese
353,20,135042,2.7,22.159357,-100.973411,Chinese
354,20,135042,0.0,22.159357,-100.973411,Chinese
355,20,135042,1.3,22.159357,-100.973411,Chinese
356,20,135042,0.3,22.159357,-100.973411,Chinese
357,20,135042,0.0,22.159357,-100.973411,Chinese
358,20,135042,0.0,22.159357,-100.973411,Chinese
359,20,135042,0.0,22.159357,-100.973411,Chinese
360,20,135042,2.7,22.159357,-100.973411,Chinese
361,20,135042,0.3,22.159357,-100.973411,Chinese
362,20,135042,2.7,22.159357,-100.973411,Chinese
363,20,135042,0.0,22.159357,-100.973411,Chinese
364,20,135042,2.7,22.159357,-100.973411,Chinese
365,18,135071,0.0,22.126375,-100.910926,Bar
366,18,135071,0.0,22.126375,-100.910926,Bar_Pub_Brewery
367,18,135071,0.0,22.126375,-100.910926,Bar
368,18,135071,0.0,22.126375,-100.910926,Bar_Pub_Brewery
369,18,135071,0.0,22.126375,-100.910926,Bar
370,18,135071,0.0,22.126375,-100.910926,Bar_Pub_Brewery
371,18,135071,0.0,22.126375,-100.910926,Bar
372,18,135071,0.0,22.126375,-100.910926,Bar_Pub_Brewery
373,18,135071,2.7,22.126375,-100.910926,Bar
374,18,135071,2.7,22.126375,-100.910926,Bar_Pub_Brewery
375,18,135071,2.7,22.126375,-100.910926,Bar
376,18,135071,2.7,22.126375,-100.910926,Bar_Pub_Brewery
377,18,135071,0.0,22.126375,-100.910926,Bar
378,18,135071,0.0,22.126375,-100.910926,Bar_Pub_Brewery
379,18,135071,0.0,22.126375,-100.910926,Bar
380,18,135071,0.0,22.126375,-100.910926,Bar_Pub_Brewery
381,18,135071,2.7,22.126375,-100.910926,Bar
382,18,135071,2.7,22.126375,-100.910926,Bar_Pub_Brewery
383,18,135058,0.3,22.165587,-101.001273,Pizzeria
384,18,135058,0.0,22.165587,-101.001273,Pizzeria
385,18,135058,0.7,22.165587,-101.001273,Pizzeria
386,18,135058,1.3,22.165587,-101.001273,Pizzeria
387,18,135058,0.7,22.165587,-101.001273,Pizzeria
388,18,135058,0.0,22.165587,-101.001273,Pizzeria
389,18,135058,0.0,22.165587,-101.001273,Pizzeria
390,18,135058,2.7,22.165587,-101.001273,Pizzeria
391,18,135058,0.0,22.165587,-101.001273,Pizzeria
392,18,135058,0.3,22.165587,-101.001273,Pizzeria
393,18,135058,0.0,22.165587,-101.001273,Pizzeria
394,18,135058,0.0,22.165587,-101.001273,Pizzeria
395,18,135058,0.3,22.165587,-101.001273,Pizzeria
396,18,135058,1.3,22.165587,-101.001273,Pizzeria
397,18,135058,0.7,22.165587,-101.001273,Pizzeria
398,18,135058,0.0,22.165587,-101.001273,Pizzeria
399,18,135058,0.0,22.165587,-101.001273,Pizzeria
400,18,135058,0.0,22.165587,-101.001273,Pizzeria
401,18,135043,0.0,22.185756,-100.944518,Fast_Food
402,18,135043,0.0,22.185756,-100.944518,Pizzeria
403,18,135043,0.0,22.185756,-100.944518,Fast_Food
404,18,135043,0.0,22.185756,-100.944518,Pizzeria
405,18,135043,0.0,22.185756,-100.944518,Fast_Food
406,18,135043,0.0,22.185756,-100.944518,Pizzeria
407,18,135043,0.7,22.185756,-100.944518,Fast_Food
408,18,135043,0.7,22.185756,-100.944518,Pizzeria
409,18,135043,0.0,22.185756,-100.944518,Fast_Food
410,18,135043,0.0,22.185756,-100.944518,Pizzeria
411,18,135043,2.7,22.185756,-100.944518,Fast_Food
412,18,135043,2.7,22.185756,-100.944518,Pizzeria
413,18,135043,2.7,22.185756,-100.944518,Fast_Food
414,18,135043,2.7,22.185756,-100.944518,Pizzeria
415,18,135043,0.3,22.185756,-100.944518,Fast_Food
416,18,135043,0.3,22.185756,-100.944518,Pizzeria
417,18,135043,1.3,22.185756,-100.944518,Fast_Food
418,18,135043,1.3,22.185756,-100.944518,Pizzeria
419,18,132862,2.7,22.150642899999998,-100.9870148,International
420,18,132862,2.7,22.150642899999998,-100.9870148,International
421,18,132862,2.7,22.150642899999998,-100.9870148,International
422,18,132862,2.7,22.150642899999998,-100.9870148,International
423,18,132862,1.3,22.150642899999998,-100.9870148,International
424,18,132862,2.7,22.150642899999998,-100.9870148,International
425,18,132862,1.3,22.150642899999998,-100.9870148,International
426,18,132862,1.3,22.150642899999998,-100.9870148,International
427,18,132862,0.3,22.150642899999998,-100.9870148,International
428,18,132862,2.7,22.150642899999998,-100.9870148,International
429,18,132862,2.7,22.150642899999998,-100.9870148,International
430,18,132862,0.3,22.150642899999998,-100.9870148,International
431,18,132862,0.0,22.150642899999998,-100.9870148,International
432,18,132862,0.0,22.150642899999998,-100.9870148,International
433,18,132862,0.0,22.150642899999998,-100.9870148,International
434,18,132862,0.0,22.150642899999998,-100.9870148,International
435,18,132862,2.7,22.150642899999998,-100.9870148,International
436,18,132862,2.7,22.150642899999998,-100.9870148,International
437,17,132921,1.3,22.150305,-100.98913370000001,Bar
438,17,132921,1.3,22.150305,-100.98913370000001,Bar
439,17,132921,0.7,22.150305,-100.98913370000001,Bar
440,17,132921,0.7,22.150305,-100.98913370000001,Bar
441,17,132921,0.3,22.150305,-100.98913370000001,Bar
442,17,132921,0.3,22.150305,-100.98913370000001,Bar
443,17,132921,0.3,22.150305,-100.98913370000001,Bar
444,17,132921,0.3,22.150305,-100.98913370000001,Bar
445,17,132921,0.0,22.150305,-100.98913370000001,Bar
446,17,132921,0.7,22.150305,-100.98913370000001,Bar
447,17,132921,1.3,22.150305,-100.98913370000001,Bar
448,17,132921,0.0,22.150305,-100.98913370000001,Bar
449,17,132921,0.0,22.150305,-100.98913370000001,Bar
450,17,132921,1.3,22.150305,-100.98913370000001,Bar
451,17,132921,0.0,22.150305,-100.98913370000001,Bar
452,17,132921,0.7,22.150305,-100.98913370000001,Bar
453,17,132921,2.7,22.150305,-100.98913370000001,Bar
454,17,135079,0.7,22.156376,-100.998355,Chinese
455,17,135079,2.7,22.156376,-100.998355,Chinese
456,17,135079,0.7,22.156376,-100.998355,Chinese
457,17,135079,2.7,22.156376,-100.998355,Chinese
458,17,135079,1.3,22.156376,-100.998355,Chinese
459,17,135079,0.3,22.156376,-100.998355,Chinese
460,17,135079,0.0,22.156376,-100.998355,Chinese
461,17,135079,0.0,22.156376,-100.998355,Chinese
462,17,135079,2.7,22.156376,-100.998355,Chinese
463,17,135079,0.7,22.156376,-100.998355,Chinese
464,17,135079,0.0,22.156376,-100.998355,Chinese
465,17,135079,2.7,22.156376,-100.998355,Chinese
466,17,135079,0.0,22.156376,-100.998355,Chinese
467,17,135079,0.0,22.156376,-100.998355,Chinese
468,17,135079,0.0,22.156376,-100.998355,Chinese
469,17,135079,0.3,22.156376,-100.998355,Chinese
470,17,135079,0.0,22.156376,-100.998355,Chinese
471,15,135057,0.7,22.145992,-100.955118,Bar
472,15,135057,1.3,22.145992,-100.955118,Bar
473,15,135057,0.0,22.145992,-100.955118,Bar
474,15,135057,2.7,22.145992,-100.955118,Bar
475,15,135057,0.3,22.145992,-100.955118,Bar
476,15,135057,0.0,22.145992,-100.955118,Bar
477,15,135057,2.7,22.145992,-100.955118,Bar
478,15,135057,0.0,22.145992,-100.955118,Bar
479,15,135057,0.0,22.145992,-100.955118,Bar
480,15,135057,0.7,22.145992,-100.955118,Bar
481,15,135057,0.7,22.145992,-100.955118,Bar
482,15,135057,2.7,22.145992,-100.955118,Bar
483,15,135057,0.7,22.145992,-100.955118,Bar
484,15,135057,2.7,22.145992,-100.955118,Bar
485,15,135057,1.3,22.145992,-100.955118,Bar
486,15,135028,0.3,22.146658,-100.987219,Mexican
487,15,135028,2.7,22.146658,-100.987219,Mexican
488,15,135028,1.3,22.146658,-100.987219,Mexican
489,15,135028,0.0,22.146658,-100.987219,Mexican
490,15,135028,0.3,22.146658,-100.987219,Mexican
491,15,135028,2.7,22.146658,-100.987219,Mexican
492,15,135028,2.7,22.146658,-100.987219,Mexican
493,15,135028,2.7,22.146658,-100.987219,Mexican
494,15,135028,0.0,22.146658,-100.987219,Mexican
495,15,135028,2.7,22.146658,-100.987219,Mexican
496,15,135028,0.7,22.146658,-100.987219,Mexican
497,15,135028,0.3,22.146658,-100.987219,Mexican
498,15,135028,0.3,22.146658,-100.987219,Mexican
499,15,135028,0.0,22.146658,-100.987219,Mexican
500,15,135028,2.7,22.146658,-100.987219,Mexican
501,15,132572,0.7,22.141647100000004,-100.9927118,Cafeteria
502,15,132572,2.7,22.141647100000004,-100.9927118,Cafeteria
503,15,132572,2.7,22.141647100000004,-100.9927118,Cafeteria
504,15,132572,0.0,22.141647100000004,-100.9927118,Cafeteria
505,15,132572,0.3,22.141647100000004,-100.9927118,Cafeteria
506,15,132572,0.0,22.141647100000004,-100.9927118,Cafeteria
507,15,132572,0.0,22.141647100000004,-100.9927118,Cafeteria
508,15,132572,2.7,22.141647100000004,-100.9927118,Cafeteria
509,15,132572,0.7,22.141647100000004,-100.9927118,Cafeteria
510,15,132572,0.0,22.141647100000004,-100.9927118,Cafeteria
511,15,132572,1.3,22.141647100000004,-100.9927118,Cafeteria
512,15,132572,0.0,22.141647100000004,-100.9927118,Cafeteria
513,15,132572,0.0,22.141647100000004,-100.9927118,Cafeteria
514,15,132572,0.0,22.141647100000004,-100.9927118,Cafeteria
515,15,132572,0.0,22.141647100000004,-100.9927118,Cafeteria
516,15,135025,2.7,22.14955,-100.97797,Mexican
517,15,135025,1.3,22.14955,-100.97797,Mexican
518,15,135025,0.3,22.14955,-100.97797,Mexican
519,15,135025,0.0,22.14955,-100.97797,Mexican
520,15,135025,2.7,22.14955,-100.97797,Mexican
521,15,135025,0.7,22.14955,-100.97797,Mexican
522,15,135025,2.7,22.14955,-100.97797,Mexican
523,15,135025,2.7,22.14955,-100.97797,Mexican
524,15,135025,0.7,22.14955,-100.97797,Mexican
525,15,135025,0.3,22.14955,-100.97797,Mexican
526,15,135025,2.7,22.14955,-100.97797,Mexican
527,15,135025,2.7,22.14955,-100.97797,Mexican
528,15,135025,0.7,22.14955,-100.97797,Mexican
529,15,135025,2.7,22.14955,-100.97797,Mexican
530,15,135025,2.7,22.14955,-100.97797,Mexican
531,14,132851,0.0,22.136872,-100.9345736,American
532,14,132851,0.0,22.136872,-100.9345736,Game
533,14,132851,0.0,22.136872,-100.9345736,American
534,14,132851,0.0,22.136872,-100.9345736,Game
535,14,132851,0.3,22.136872,-100.9345736,American
536,14,132851,0.3,22.136872,-100.9345736,Game
537,14,132851,0.0,22.136872,-100.9345736,American
538,14,132851,0.0,22.136872,-100.9345736,Game
539,14,132851,1.3,22.136872,-100.9345736,American
540,14,132851,1.3,22.136872,-100.9345736,Game
541,14,132851,0.3,22.136872,-100.9345736,American
542,14,132851,0.3,22.136872,-100.9345736,Game
543,14,132851,2.7,22.136872,-100.9345736,American
544,14,132851,2.7,22.136872,-100.9345736,Game
545,14,132856,0.0,22.1513782,-100.97463370000001,Italian
546,14,132856,2.7,22.1513782,-100.97463370000001,Italian
547,14,132856,0.0,22.1513782,-100.97463370000001,Italian
548,14,132856,0.0,22.1513782,-100.97463370000001,Italian
549,14,132856,0.0,22.1513782,-100.97463370000001,Italian
550,14,132856,1.3,22.1513782,-100.97463370000001,Italian
551,14,132856,2.7,22.1513782,-100.97463370000001,Italian
552,14,132856,0.0,22.1513782,-100.97463370000001,Italian
553,14,132856,2.7,22.1513782,-100.97463370000001,Italian
554,14,132856,0.0,22.1513782,-100.97463370000001,Italian
555,14,132856,0.0,22.1513782,-100.97463370000001,Italian
556,14,132856,0.0,22.1513782,-100.97463370000001,Italian
557,14,132856,0.3,22.1513782,-100.97463370000001,Italian
558,14,132856,0.7,22.1513782,-100.97463370000001,Italian
559,13,132754,2.7,22.1477379,-100.9906163,Mexican
560,13,132754,0.7,22.1477379,-100.9906163,Mexican
561,13,132754,0.7,22.1477379,-100.9906163,Mexican
562,13,132754,2.7,22.1477379,-100.9906163,Mexican
563,13,132754,1.3,22.1477379,-100.9906163,Mexican
564,13,132754,0.7,22.1477379,-100.9906163,Mexican
565,13,132754,1.3,22.1477379,-100.9906163,Mexican
566,13,132754,0.3,22.1477379,-100.9906163,Mexican
567,13,132754,0.0,22.1477379,-100.9906163,Mexican
568,13,132754,0.0,22.1477379,-100.9906163,Mexican
569,13,132754,2.7,22.1477379,-100.9906163,Mexican
570,13,132754,2.7,22.1477379,-100.9906163,Mexican
571,13,132754,2.7,22.1477379,-100.9906163,Mexican
572,13,135075,2.7,22.139573000000002,-100.991564,Seafood
573,13,135075,2.7,22.139573000000002,-100.991564,Seafood
574,13,135075,0.7,22.139573000000002,-100.991564,Seafood
575,13,135075,0.0,22.139573000000002,-100.991564,Seafood
576,13,135075,2.7,22.139573000000002,-100.991564,Seafood
577,13,135075,2.7,22.139573000000002,-100.991564,Seafood
578,13,135075,2.7,22.139573000000002,-100.991564,Seafood
579,13,135075,2.7,22.139573000000002,-100.991564,Seafood
580,13,135075,1.3,22.139573000000002,-100.991564,Seafood
581,13,135075,1.3,22.139573000000002,-100.991564,Seafood
582,13,135075,0.0,22.139573000000002,-100.991564,Seafood
583,13,135075,0.7,22.139573000000002,-100.991564,Seafood
584,13,135075,0.7,22.139573000000002,-100.991564,Seafood
585,12,135069,0.0,22.140129,-100.944872,Bar
586,12,135069,0.0,22.140129,-100.944872,Bar
587,12,135069,0.0,22.140129,-100.944872,Bar
588,12,135069,1.3,22.140129,-100.944872,Bar
589,12,135069,0.0,22.140129,-100.944872,Bar
590,12,135069,0.3,22.140129,-100.944872,Bar
591,12,135069,0.0,22.140129,-100.944872,Bar
592,12,135069,0.0,22.140129,-100.944872,Bar
593,12,135069,0.0,22.140129,-100.944872,Bar
594,12,135069,0.0,22.140129,-100.944872,Bar
595,12,135069,0.0,22.140129,-100.944872,Bar
596,12,135069,0.3,22.140129,-100.944872,Bar
597,12,135039,0.0,22.145893,-100.97487,Seafood
598,12,135039,0.3,22.145893,-100.97487,Seafood
599,12,135039,1.3,22.145893,-100.97487,Seafood
600,12,135039,0.0,22.145893,-100.97487,Seafood
601,12,135039,0.0,22.145893,-100.97487,Seafood
602,12,135039,2.7,22.145893,-100.97487,Seafood
603,12,135039,2.7,22.145893,-100.97487,Seafood
604,12,135039,0.0,22.145893,-100.97487,Seafood
605,12,135039,0.7,22.145893,-100.97487,Seafood
606,12,135039,1.3,22.145893,-100.97487,Seafood
607,12,135039,0.3,22.145893,-100.97487,Seafood
608,12,135039,0.3,22.145893,-100.97487,Seafood
609,12,132872,1.3,22.173595499999998,-100.9946027,American
610,12,132872,0.7,22.173595499999998,-100.9946027,American
611,12,132872,0.0,22.173595499999998,-100.9946027,American
612,12,132872,0.0,22.173595499999998,-100.9946027,American
613,12,132872,0.3,22.173595499999998,-100.9946027,American
614,12,132872,0.0,22.173595499999998,-100.9946027,American
615,12,132872,0.3,22.173595499999998,-100.9946027,American
616,12,132872,2.7,22.173595499999998,-100.9946027,American
617,12,132872,0.3,22.173595499999998,-100.9946027,American
618,12,132872,0.3,22.173595499999998,-100.9946027,American
619,12,132872,0.3,22.173595499999998,-100.9946027,American
620,12,132872,1.3,22.173595499999998,-100.9946027,American
621,12,132723,0.3,22.1489337,-101.01984499999999,Mexican
622,12,132723,2.7,22.1489337,-101.01984499999999,Mexican
623,12,132723,0.0,22.1489337,-101.01984499999999,Mexican
624,12,132723,0.0,22.1489337,-101.01984499999999,Mexican
625,12,132723,2.7,22.1489337,-101.01984499999999,Mexican
626,12,132723,2.7,22.1489337,-101.01984499999999,Mexican
627,12,132723,0.3,22.1489337,-101.01984499999999,Mexican
628,12,132723,1.3,22.1489337,-101.01984499999999,Mexican
629,12,132723,2.7,22.1489337,-101.01984499999999,Mexican
630,12,132723,0.0,22.1489337,-101.01984499999999,Mexican
631,12,132723,1.3,22.1489337,-101.01984499999999,Mexican
632,12,132723,0.7,22.1489337,-101.01984499999999,Mexican
633,12,134976,1.3,18.916654,-99.22711,Mexican
634,12,134976,1.3,18.916654,-99.22711,Mediterranean
635,12,134976,1.3,18.916654,-99.22711,Burgers
636,12,134976,1.3,18.916654,-99.22711,Mexican
637,12,134976,1.3,18.916654,-99.22711,Mediterranean
638,12,134976,1.3,18.916654,-99.22711,Burgers
639,12,134976,2.7,18.916654,-99.22711,Mexican
640,12,134976,2.7,18.916654,-99.22711,Mediterranean
641,12,134976,2.7,18.916654,-99.22711,Burgers
642,12,134976,0.0,18.916654,-99.22711,Mexican
643,12,134976,0.0,18.916654,-99.22711,Mediterranean
644,12,134976,0.0,18.916654,-99.22711,Burgers
645,11,135046,1.3,22.141282,-101.00295799999999,Fast_Food
646,11,135046,0.7,22.141282,-101.00295799999999,Fast_Food
647,11,135046,0.7,22.141282,-101.00295799999999,Fast_Food
648,11,135046,1.3,22.141282,-101.00295799999999,Fast_Food
649,11,135046,0.0,22.141282,-101.00295799999999,Fast_Food
650,11,135046,0.7,22.141282,-101.00295799999999,Fast_Food
651,11,135046,0.7,22.141282,-101.00295799999999,Fast_Food
652,11,135046,0.7,22.141282,-101.00295799999999,Fast_Food
653,11,135046,0.0,22.141282,-101.00295799999999,Fast_Food
654,11,135046,0.0,22.141282,-101.00295799999999,Fast_Food
655,11,135046,2.7,22.141282,-101.00295799999999,Fast_Food
656,10,132866,1.3,22.141219800000002,-100.93131070000001,Bakery
657,10,132866,1.3,22.141219800000002,-100.93131070000001,Cafeteria
658,10,132866,0.3,22.141219800000002,-100.93131070000001,Bakery
659,10,132866,0.3,22.141219800000002,-100.93131070000001,Cafeteria
660,10,132866,0.0,22.141219800000002,-100.93131070000001,Bakery
661,10,132866,0.0,22.141219800000002,-100.93131070000001,Cafeteria
662,10,132866,1.3,22.141219800000002,-100.93131070000001,Bakery
663,10,132866,1.3,22.141219800000002,-100.93131070000001,Cafeteria
664,10,132866,2.7,22.141219800000002,-100.93131070000001,Bakery
665,10,132866,2.7,22.141219800000002,-100.93131070000001,Cafeteria
666,10,134983,2.7,18.948657,-99.235361,Bar
667,10,134983,2.7,18.948657,-99.235361,Bar_Pub_Brewery
668,10,134983,0.0,18.948657,-99.235361,Bar
669,10,134983,0.0,18.948657,-99.235361,Bar_Pub_Brewery
670,10,134983,0.3,18.948657,-99.235361,Bar
671,10,134983,0.3,18.948657,-99.235361,Bar_Pub_Brewery
672,10,134983,0.0,18.948657,-99.235361,Bar
673,10,134983,0.0,18.948657,-99.235361,Bar_Pub_Brewery
674,10,134983,2.7,18.948657,-99.235361,Bar
675,10,134983,2.7,18.948657,-99.235361,Bar_Pub_Brewery
676,10,132768,0.3,18.9257734,-99.2326355,Family
677,10,132768,2.7,18.9257734,-99.2326355,Family
678,10,132768,0.0,18.9257734,-99.2326355,Family
679,10,132768,2.7,18.9257734,-99.2326355,Family
680,10,132768,0.7,18.9257734,-99.2326355,Family
681,10,132768,2.7,18.9257734,-99.2326355,Family
682,10,132768,2.7,18.9257734,-99.2326355,Family
683,10,132768,2.7,18.9257734,-99.2326355,Family
684,10,132768,1.3,18.9257734,-99.2326355,Family
685,10,132768,1.3,18.9257734,-99.2326355,Family
686,10,132733,0.3,23.752707100000002,-99.1625655,Pizzeria
687,10,132733,2.7,23.752707100000002,-99.1625655,Pizzeria
688,10,132733,2.7,23.752707100000002,-99.1625655,Pizzeria
689,10,132733,1.3,23.752707100000002,-99.1625655,Pizzeria
690,10,132733,0.7,23.752707100000002,-99.1625655,Pizzeria
691,10,132733,2.7,23.752707100000002,-99.1625655,Pizzeria
692,10,132733,0.3,23.752707100000002,-99.1625655,Pizzeria
693,10,132733,0.0,23.752707100000002,-99.1625655,Pizzeria
694,10,132733,0.3,23.752707100000002,-99.1625655,Pizzeria
695,10,132733,0.0,23.752707100000002,-99.1625655,Pizzeria
696,10,135106,2.7,22.149708800000003,-100.97609279999999,Mexican
697,10,135106,2.7,22.149708800000003,-100.97609279999999,Mexican
698,10,135106,0.3,22.149708800000003,-100.97609279999999,Mexican
699,10,135106,2.7,22.149708800000003,-100.97609279999999,Mexican
700,10,135106,0.0,22.149708800000003,-100.97609279999999,Mexican
701,10,135106,2.7,22.149708800000003,-100.97609279999999,Mexican
702,10,135106,0.0,22.149708800000003,-100.97609279999999,Mexican
703,10,135106,0.0,22.149708800000003,-100.97609279999999,Mexican
704,10,135106,2.7,22.149708800000003,-100.97609279999999,Mexican
705,10,135106,0.3,22.149708800000003,-100.97609279999999,Mexican
706,10,132951,0.0,22.1544736,-100.98580909999998,American
707,10,132951,0.3,22.1544736,-100.98580909999998,American
708,10,132951,0.3,22.1544736,-100.98580909999998,American
709,10,132951,0.3,22.1544736,-100.98580909999998,American
710,10,132951,2.7,22.1544736,-100.98580909999998,American
711,10,132951,0.0,22.1544736,-100.98580909999998,American
712,10,132951,0.7,22.1544736,-100.98580909999998,American
713,10,132951,0.0,22.1544736,-100.98580909999998,American
714,10,132951,0.0,22.1544736,-100.98580909999998,American
715,10,132951,2.7,22.1544736,-100.98580909999998,American
716,10,135054,2.7,22.140626,-100.915657,Seafood
717,10,135054,0.7,22.140626,-100.915657,Seafood
718,10,135054,0.3,22.140626,-100.915657,Seafood
719,10,135054,0.0,22.140626,-100.915657,Seafood
720,10,135054,0.0,22.140626,-100.915657,Seafood
721,10,135054,0.0,22.140626,-100.915657,Seafood
722,10,135054,0.7,22.140626,-100.915657,Seafood
723,10,135054,0.3,22.140626,-100.915657,Seafood
724,10,135054,0.3,22.140626,-100.915657,Seafood
725,10,135054,1.3,22.140626,-100.915657,Seafood
726,9,132954,2.7,22.160380800000002,-100.9880447,Breakfast-Brunch
727,9,132954,0.0,22.160380800000002,-100.9880447,Breakfast-Brunch
728,9,132954,2.7,22.160380800000002,-100.9880447,Breakfast-Brunch
729,9,132954,0.0,22.160380800000002,-100.9880447,Breakfast-Brunch
730,9,132954,1.3,22.160380800000002,-100.9880447,Breakfast-Brunch
731,9,132954,0.0,22.160380800000002,-100.9880447,Breakfast-Brunch
732,9,132954,0.0,22.160380800000002,-100.9880447,Breakfast-Brunch
733,9,132954,0.3,22.160380800000002,-100.9880447,Breakfast-Brunch
734,9,132954,0.0,22.160380800000002,-100.9880447,Breakfast-Brunch
735,9,135021,0.7,18.933537,-99.222497,Fast_Food
736,9,135021,0.0,18.933537,-99.222497,Fast_Food
737,9,135021,2.7,18.933537,-99.222497,Fast_Food
738,9,135021,0.0,18.933537,-99.222497,Fast_Food
739,9,135021,0.0,18.933537,-99.222497,Fast_Food
740,9,135021,0.0,18.933537,-99.222497,Fast_Food
741,9,135021,0.7,18.933537,-99.222497,Fast_Food
742,9,135021,0.0,18.933537,-99.222497,Fast_Food
743,9,135021,2.7,18.933537,-99.222497,Fast_Food
744,9,135059,0.0,22.145108,-100.989547,Bar
745,9,135059,0.0,22.145108,-100.989547,Bar
746,9,135059,2.7,22.145108,-100.989547,Bar
747,9,135059,0.7,22.145108,-100.989547,Bar
748,9,135059,1.3,22.145108,-100.989547,Bar
749,9,135059,0.7,22.145108,-100.989547,Bar
750,9,135059,0.0,22.145108,-100.989547,Bar
751,9,135059,0.7,22.145108,-100.989547,Bar
752,9,135059,2.7,22.145108,-100.989547,Bar
753,8,132732,0.0,23.754356899999998,-99.171288,Mexican
754,8,132732,1.3,23.754356899999998,-99.171288,Mexican
755,8,132732,0.0,23.754356899999998,-99.171288,Mexican
756,8,132732,0.0,23.754356899999998,-99.171288,Mexican
757,8,132732,0.3,23.754356899999998,-99.171288,Mexican
758,8,132732,0.0,23.754356899999998,-99.171288,Mexican
759,8,132732,1.3,23.754356899999998,-99.171288,Mexican
760,8,132732,0.3,23.754356899999998,-99.171288,Mexican
761,8,135073,0.7,22.147175,-100.97426899999999,Bar
762,8,135073,0.7,22.147175,-100.97426899999999,Bar_Pub_Brewery
763,8,135073,2.7,22.147175,-100.97426899999999,Bar
764,8,135073,2.7,22.147175,-100.97426899999999,Bar_Pub_Brewery
765,8,135073,0.0,22.147175,-100.97426899999999,Bar
766,8,135073,0.0,22.147175,-100.97426899999999,Bar_Pub_Brewery
767,8,135073,0.3,22.147175,-100.97426899999999,Bar
768,8,135073,0.3,22.147175,-100.97426899999999,Bar_Pub_Brewery
769,8,134986,2.7,18.928798,-99.239513,International
770,8,134986,2.7,18.928798,-99.239513,International
771,8,134986,2.7,18.928798,-99.239513,International
772,8,134986,2.7,18.928798,-99.239513,International
773,8,134986,2.7,18.928798,-99.239513,International
774,8,134986,2.7,18.928798,-99.239513,International
775,8,134986,2.7,18.928798,-99.239513,International
776,8,134986,2.7,18.928798,-99.239513,International
777,8,135027,0.0,22.147145000000002,-100.97449399999999,Mexican
778,8,135027,2.7,22.147145000000002,-100.97449399999999,Mexican
779,8,135027,0.0,22.147145000000002,-100.97449399999999,Mexican
780,8,135027,0.0,22.147145000000002,-100.97449399999999,Mexican
781,8,135027,0.0,22.147145000000002,-100.97449399999999,Mexican
782,8,135027,0.0,22.147145000000002,-100.97449399999999,Mexican
783,8,135027,0.0,22.147145000000002,-100.97449399999999,Mexican
784,8,135027,0.7,22.147145000000002,-100.97449399999999,Mexican
785,8,132773,1.3,18.869992899999996,-99.2103195,Family
786,8,132773,1.3,18.869992899999996,-99.2103195,Mexican
787,8,132773,1.3,18.869992899999996,-99.2103195,Family
788,8,132773,1.3,18.869992899999996,-99.2103195,Mexican
789,8,132773,1.3,18.869992899999996,-99.2103195,Family
790,8,132773,1.3,18.869992899999996,-99.2103195,Mexican
791,8,132773,0.3,18.869992899999996,-99.2103195,Family
792,8,132773,0.3,18.869992899999996,-99.2103195,Mexican
793,8,135072,1.3,22.149192000000003,-101.002936,Japanese
794,8,135072,2.7,22.149192000000003,-101.002936,Japanese
795,8,135072,2.7,22.149192000000003,-101.002936,Japanese
796,8,135072,0.7,22.149192000000003,-101.002936,Japanese
797,8,135072,0.3,22.149192000000003,-101.002936,Japanese
798,8,135072,0.0,22.149192000000003,-101.002936,Japanese
799,8,135072,0.7,22.149192000000003,-101.002936,Japanese
800,8,135072,0.3,22.149192000000003,-101.002936,Japanese
801,8,132875,0.0,22.1499013,-100.9937793,Japanese
802,8,132875,1.3,22.1499013,-100.9937793,Japanese
803,8,132875,0.3,22.1499013,-100.9937793,Japanese
804,8,132875,1.3,22.1499013,-100.9937793,Japanese
805,8,132875,0.3,22.1499013,-100.9937793,Japanese
806,8,132875,0.0,22.1499013,-100.9937793,Japanese
807,8,132875,2.7,22.1499013,-100.9937793,Japanese
808,8,132875,2.7,22.1499013,-100.9937793,Japanese
809,8,132740,0.0,23.7521965,-99.16663170000001,Mexican
810,8,132740,0.7,23.7521965,-99.16663170000001,Mexican
811,8,132740,0.3,23.7521965,-99.16663170000001,Mexican
812,8,132740,1.3,23.7521965,-99.16663170000001,Mexican
813,8,132740,0.0,23.7521965,-99.16663170000001,Mexican
814,8,132740,0.0,23.7521965,-99.16663170000001,Mexican
815,8,132740,0.3,23.7521965,-99.16663170000001,Mexican
816,8,132740,0.7,23.7521965,-99.16663170000001,Mexican
817,7,135055,2.7,22.148854,-101.008472,Mexican
818,7,135055,2.7,22.148854,-101.008472,Mexican
819,7,135055,2.7,22.148854,-101.008472,Mexican
820,7,135055,0.0,22.148854,-101.008472,Mexican
821,7,135055,2.7,22.148854,-101.008472,Mexican
822,7,135055,2.7,22.148854,-101.008472,Mexican
823,7,135055,2.7,22.148854,-101.008472,Mexican
824,7,135104,0.7,23.752982100000004,-99.16843409999998,Mexican
825,7,135104,0.0,23.752982100000004,-99.16843409999998,Mexican
826,7,135104,0.0,23.752982100000004,-99.16843409999998,Mexican
827,7,135104,2.7,23.752982100000004,-99.16843409999998,Mexican
828,7,135104,0.7,23.752982100000004,-99.16843409999998,Mexican
829,7,135104,0.0,23.752982100000004,-99.16843409999998,Mexican
830,7,135104,0.7,23.752982100000004,-99.16843409999998,Mexican
831,7,132861,0.7,22.1480965,-101.0173023,Burgers
832,7,132861,2.7,22.1480965,-101.0173023,Burgers
833,7,132861,0.3,22.1480965,-101.0173023,Burgers
834,7,132861,1.3,22.1480965,-101.0173023,Burgers
835,7,132861,0.3,22.1480965,-101.0173023,Burgers
836,7,132861,1.3,22.1480965,-101.0173023,Burgers
837,7,132861,1.3,22.1480965,-101.0173023,Burgers
838,6,132767,2.7,18.8820871,-99.1630268,Vietnamese
839,6,132767,0.0,18.8820871,-99.1630268,Vietnamese
840,6,132767,0.7,18.8820871,-99.1630268,Vietnamese
841,6,132767,0.0,18.8820871,-99.1630268,Vietnamese
842,6,132767,2.7,18.8820871,-99.1630268,Vietnamese
843,6,132767,2.7,18.8820871,-99.1630268,Vietnamese
844,6,132584,2.7,23.752364800000002,-99.16528790000001,Mexican
845,6,132584,0.7,23.752364800000002,-99.16528790000001,Mexican
846,6,132584,2.7,23.752364800000002,-99.16528790000001,Mexican
847,6,132584,0.0,23.752364800000002,-99.16528790000001,Mexican
848,6,132584,0.7,23.752364800000002,-99.16528790000001,Mexican
849,6,132584,0.0,23.752364800000002,-99.16528790000001,Mexican
850,6,132608,1.3,23.7588052,-99.16512970000001,Mexican
851,6,132608,0.0,23.7588052,-99.16512970000001,Mexican
852,6,132608,0.7,23.7588052,-99.16512970000001,Mexican
853,6,132608,2.7,23.7588052,-99.16512970000001,Mexican
854,6,132608,0.0,23.7588052,-99.16512970000001,Mexican
855,6,132608,0.3,23.7588052,-99.16512970000001,Mexican
856,6,135088,2.7,18.876011300000002,-99.2198896,Cafeteria
857,6,135088,0.0,18.876011300000002,-99.2198896,Cafeteria
858,6,135088,0.0,18.876011300000002,-99.2198896,Cafeteria
859,6,135088,0.7,18.876011300000002,-99.2198896,Cafeteria
860,6,135088,0.0,18.876011300000002,-99.2198896,Cafeteria
861,6,135088,0.3,18.876011300000002,-99.2198896,Cafeteria
862,6,132854,1.3,22.1378633,-100.9383273,International
863,6,132854,0.0,22.1378633,-100.9383273,International
864,6,132854,1.3,22.1378633,-100.9383273,International
865,6,132854,2.7,22.1378633,-100.9383273,International
866,6,132854,0.0,22.1378633,-100.9383273,International
867,6,132854,2.7,22.1378633,-100.9383273,International
868,6,132630,0.3,23.752930499999998,-99.1644725,Mexican
869,6,132630,0.0,23.752930499999998,-99.1644725,Mexican
870,6,132630,0.0,23.752930499999998,-99.1644725,Mexican
871,6,132630,0.3,23.752930499999998,-99.1644725,Mexican
872,6,132630,2.7,23.752930499999998,-99.1644725,Mexican
873,6,132630,0.3,23.752930499999998,-99.1644725,Mexican
874,6,132613,2.7,23.7529035,-99.165076,Mexican
875,6,132613,0.0,23.7529035,-99.165076,Mexican
876,6,132613,0.0,23.7529035,-99.165076,Mexican
877,6,132613,0.7,23.7529035,-99.165076,Mexican
878,6,132613,2.7,23.7529035,-99.165076,Mexican
879,6,132613,0.3,23.7529035,-99.165076,Mexican
880,6,132663,0.3,23.7525107,-99.1669536,Mexican
881,6,132663,0.0,23.7525107,-99.1669536,Mexican
882,6,132663,0.0,23.7525107,-99.1669536,Mexican
883,6,132663,0.0,23.7525107,-99.1669536,Mexican
884,6,132663,0.0,23.7525107,-99.1669536,Mexican
885,6,132663,0.7,23.7525107,-99.1669536,Mexican
886,6,135019,2.7,18.875010999999997,-99.15942199999999,Bar
887,6,135019,0.0,18.875010999999997,-99.15942199999999,Bar
888,6,135019,0.0,18.875010999999997,-99.15942199999999,Bar
889,6,135019,0.0,18.875010999999997,-99.15942199999999,Bar
890,6,135019,0.7,18.875010999999997,-99.15942199999999,Bar
891,6,135019,2.7,18.875010999999997,-99.15942199999999,Bar
892,6,132922,2.7,22.1511348,-100.9823115,Cafeteria
893,6,132922,2.7,22.1511348,-100.9823115,Cafeteria
894,6,132922,0.3,22.1511348,-100.9823115,Cafeteria
895,6,132922,1.3,22.1511348,-100.9823115,Cafeteria
896,6,132922,2.7,22.1511348,-100.9823115,Cafeteria
897,6,132922,1.3,22.1511348,-100.9823115,Cafeteria
898,6,135048,2.7,22.142017000000003,-100.999246,Bar
899,6,135048,0.0,22.142017000000003,-100.999246,Bar
900,6,135048,2.7,22.142017000000003,-100.999246,Bar
901,6,135048,0.0,22.142017000000003,-100.999246,Bar
902,6,135048,0.7,22.142017000000003,-100.999246,Bar
903,6,135048,1.3,22.142017000000003,-100.999246,Bar
904,6,132958,2.7,22.1449787,-101.0056829,American
905,6,132958,2.7,22.1449787,-101.0056829,American
906,6,132958,0.0,22.1449787,-101.0056829,American
907,6,132958,0.7,22.1449787,-101.0056829,American
908,6,132958,1.3,22.1449787,-101.0056829,American
909,6,132958,2.7,22.1449787,-101.0056829,American
910,6,132869,1.3,22.1412384,-100.9239252,Pizzeria
911,6,132869,0.3,22.1412384,-100.9239252,Pizzeria
912,6,132869,0.0,22.1412384,-100.9239252,Pizzeria
913,6,132869,0.7,22.1412384,-100.9239252,Pizzeria
914,6,132869,2.7,22.1412384,-100.9239252,Pizzeria
915,6,132869,0.7,22.1412384,-100.9239252,Pizzeria
916,5,132594,0.0,23.7521677,-99.16570899999999,Mexican
917,5,132594,0.3,23.7521677,-99.16570899999999,Mexican
918,5,132594,0.0,23.7521677,-99.16570899999999,Mexican
919,5,132594,0.7,23.7521677,-99.16570899999999,Mexican
920,5,132594,0.3,23.7521677,-99.16570899999999,Mexican
921,5,132665,0.0,23.736797699999997,-99.1342413,Mexican
922,5,132665,2.7,23.736797699999997,-99.1342413,Mexican
923,5,132665,0.3,23.736797699999997,-99.1342413,Mexican
924,5,132665,0.0,23.736797699999997,-99.1342413,Mexican
925,5,132665,0.7,23.736797699999997,-99.1342413,Mexican
926,5,132609,0.3,23.760268300000003,-99.16586459999999,Fast_Food
927,5,132609,0.0,23.760268300000003,-99.16586459999999,Fast_Food
928,5,132609,0.0,23.760268300000003,-99.16586459999999,Fast_Food
929,5,132609,0.0,23.760268300000003,-99.16586459999999,Fast_Food
930,5,132609,0.7,23.760268300000003,-99.16586459999999,Fast_Food
931,5,132846,1.3,22.142273199999998,-100.94265370000001,International
932,5,132846,0.0,22.142273199999998,-100.94265370000001,International
933,5,132846,0.3,22.142273199999998,-100.94265370000001,International
934,5,132846,2.7,22.142273199999998,-100.94265370000001,International
935,5,132846,2.7,22.142273199999998,-100.94265370000001,International
936,5,134999,2.7,18.915421,-99.184871,Japanese
937,5,134999,0.3,18.915421,-99.184871,Japanese
938,5,134999,0.3,18.915421,-99.184871,Japanese
939,5,134999,2.7,18.915421,-99.184871,Japanese
940,5,134999,2.7,18.915421,-99.184871,Japanese
941,5,135034,2.7,22.140517000000003,-101.021422,Japanese
942,5,135034,2.7,22.140517000000003,-101.021422,Japanese
943,5,135034,1.3,22.140517000000003,-101.021422,Japanese
944,5,135034,2.7,22.140517000000003,-101.021422,Japanese
945,5,135034,1.3,22.140517000000003,-101.021422,Japanese
946,5,132885,0.3,22.1795169,-100.9584358,Cafeteria
947,5,132885,0.0,22.1795169,-100.9584358,Cafeteria
948,5,132885,0.0,22.1795169,-100.9584358,Cafeteria
949,5,132885,0.0,22.1795169,-100.9584358,Cafeteria
950,5,132885,0.3,22.1795169,-100.9584358,Cafeteria
951,5,135049,0.0,22.135011,-101.0286,Seafood
952,5,135049,0.0,22.135011,-101.0286,Seafood
953,5,135049,0.0,22.135011,-101.0286,Seafood
954,5,135049,2.7,22.135011,-101.0286,Seafood
955,5,135049,0.7,22.135011,-101.0286,Seafood
956,5,132925,0.7,22.1534997,-100.97624300000001,Mexican
957,5,132925,0.3,22.1534997,-100.97624300000001,Mexican
958,5,132925,2.7,22.1534997,-100.97624300000001,Mexican
959,5,132925,0.0,22.1534997,-100.97624300000001,Mexican
960,5,132925,0.7,22.1534997,-100.97624300000001,Mexican
961,5,132870,0.3,22.1430781,-100.9354788,Burgers
962,5,132870,0.0,22.1430781,-100.9354788,Burgers
963,5,132870,0.0,22.1430781,-100.9354788,Burgers
964,5,132870,0.0,22.1430781,-100.9354788,Burgers
965,5,132870,0.0,22.1430781,-100.9354788,Burgers
966,5,132755,2.7,22.153323999999998,-101.0195459,Mexican
967,5,132755,2.7,22.153323999999998,-101.0195459,Mexican
968,5,132755,1.3,22.153323999999998,-101.0195459,Mexican
969,5,132755,2.7,22.153323999999998,-101.0195459,Mexican
970,5,132755,0.7,22.153323999999998,-101.0195459,Mexican
971,5,132858,0.0,22.1312917,-100.9371941,Burgers
972,5,132858,0.0,22.1312917,-100.9371941,Burgers
973,5,132858,0.7,22.1312917,-100.9371941,Burgers
974,5,132858,0.3,22.1312917,-100.9371941,Burgers
975,5,132858,0.0,22.1312917,-100.9371941,Burgers
976,5,132845,0.0,22.1262926,-100.90077640000001,Mexican
977,5,132845,0.0,22.1262926,-100.90077640000001,Mexican
978,5,132845,0.0,22.1262926,-100.90077640000001,Mexican
979,5,132845,1.3,22.1262926,-100.90077640000001,Mexican
980,5,132845,0.3,22.1262926,-100.90077640000001,Mexican
981,5,132955,2.7,22.147622,-101.01027490000001,Bar_Pub_Brewery
982,5,132955,2.7,22.147622,-101.01027490000001,Bar_Pub_Brewery
983,5,132955,1.3,22.147622,-101.01027490000001,Bar_Pub_Brewery
984,5,132955,1.3,22.147622,-101.01027490000001,Bar_Pub_Brewery
985,5,132955,2.7,22.147622,-101.01027490000001,Bar_Pub_Brewery
986,4,132583,0.7,18.922290399999998,-99.234332,American
987,4,132583,0.0,18.922290399999998,-99.234332,American
988,4,132583,0.0,18.922290399999998,-99.234332,American
989,4,132583,2.7,18.922290399999998,-99.234332,American
990,4,132560,0.0,23.752304100000003,-99.16691329999999,Regional
991,4,132560,0.0,23.752304100000003,-99.16691329999999,Regional
992,4,132560,0.0,23.752304100000003,-99.16691329999999,Regional
993,4,132560,0.7,23.752304100000003,-99.16691329999999,Regional
994,4,132937,1.3,22.1500193,-100.9799203,Bar
995,4,132937,0.3,22.1500193,-100.9799203,Bar
996,4,132937,0.3,22.1500193,-100.9799203,Bar
997,4,132937,0.0,22.1500193,-100.9799203,Bar
998,4,132626,2.7,23.7375834,-99.1351318,Italian
999,4,132626,0.0,23.7375834,-99.1351318,Italian
1000,4,132626,1.3,23.7375834,-99.1351318,Italian
1001,4,132626,0.0,23.7375834,-99.1351318,Italian
1002,4,132715,0.0,23.732422600000003,-99.15866020000001,Mexican
1003,4,132715,1.3,23.732422600000003,-99.15866020000001,Mexican
1004,4,132715,0.3,23.732422600000003,-99.15866020000001,Mexican
1005,4,132715,0.0,23.732422600000003,-99.15866020000001,Mexican
1006,4,132667,1.3,23.7526973,-99.1633594,Armenian
1007,4,132667,0.7,23.7526973,-99.1633594,Armenian
1008,4,132667,0.7,23.7526973,-99.1633594,Armenian
1009,4,132667,1.3,23.7526973,-99.1633594,Armenian
1010,4,132706,0.0,23.7292162,-99.1323571,Mexican
1011,4,132706,0.0,23.7292162,-99.1323571,Mexican
1012,4,132706,1.3,23.7292162,-99.1323571,Mexican
1013,4,132706,0.7,23.7292162,-99.1323571,Mexican
1014,4,135074,1.3,22.149689000000002,-100.999525,Contemporary
1015,4,135074,2.7,22.149689000000002,-100.999525,Contemporary
1016,4,135074,2.7,22.149689000000002,-100.999525,Contemporary
1017,4,135074,0.7,22.149689000000002,-100.999525,Contemporary
1018,4,135035,2.7,22.145813,-101.01803199999999,Italian
1019,4,135035,2.7,22.145813,-101.01803199999999,Italian
1020,4,135035,0.3,22.145813,-101.01803199999999,Italian
1021,4,135035,0.3,22.145813,-101.01803199999999,Italian
1022,4,135044,1.3,22.141848,-100.997475,Chinese
1023,4,135044,0.3,22.141848,-100.997475,Chinese
1024,4,135044,0.0,22.141848,-100.997475,Chinese
1025,4,135044,0.7,22.141848,-100.997475,Chinese
1026,4,135018,2.7,18.859803,-99.222164,Mexican
1027,4,135018,2.7,18.859803,-99.222164,Mexican
1028,4,135018,0.3,18.859803,-99.222164,Mexican
1029,4,135018,0.7,18.859803,-99.222164,Mexican
1030,4,135109,0.0,18.9217848,-99.2353499,Italian
1031,4,135109,1.3,18.9217848,-99.2353499,Italian
1032,4,135109,0.3,18.9217848,-99.2353499,Italian
1033,4,135109,0.7,18.9217848,-99.2353499,Italian
1034,3,132668,0.0,23.738212,-99.1519547,Mexican
1035,3,132668,2.7,23.738212,-99.1519547,Mexican
1036,3,132668,0.3,23.738212,-99.1519547,Mexican
1037,3,132717,0.0,23.7318602,-99.1504365,Fast_Food
1038,3,132717,2.7,23.7318602,-99.1504365,Fast_Food
1039,3,132717,1.3,23.7318602,-99.1504365,Fast_Food
1040,3,132766,0.0,18.9101777,-99.2315438,Japanese
1041,3,132766,0.0,18.9101777,-99.2315438,Japanese
1042,3,132766,0.7,18.9101777,-99.2315438,Japanese
